,card(figure),tolerance,R,solve_result,ampl_time,ampl_elapsed_time,total_solve_time,ampl_user_time
0,5,0.1,4.293,limit,0.013236,0.004555,3200.09,0.004727
1,5,0.01,4.06324,limit,0.015768,0.006814,6400.17,0.007259
2,5,0.001,4.04256,limit,0.018042,0.008836,9600.25,0.00943
3,5,0.0001,4.04051,limit,0.020635,0.011155,12800.3,0.010809
4,5,1e-05,1.85433,limit,0.023323,0.013548,16000.5,0.013183
5,5,1e-06,1.82971,limit,0.026108,0.016053,19200.6,0.015968
