,card(figure),tolerance,R,solve_result,ampl_time,ampl_elapsed_time,total_solve_time,ampl_user_time
0,5,0.1,4.4586,limit,0.013202,0.005643,3200.06,0.005658
1,5,0.01,4.15261,limit,0.015406,0.007626,6400.11,0.005883
2,5,0.001,4.12602,limit,0.01771,0.00968,9600.15,0.007871
3,5,0.0001,4.1234,limit,0.020047,0.011709,12800.2,0.0091
4,5,1e-05,2.23739,limit,0.02235,0.013723,16000.3,0.010159
5,5,1e-06,2.23607,limit,0.024718,0.01581,19200.3,0.012359
