,card(figure),R,F_Objetivo,tolerance,solve_result
0,5,0.866026,0.866025514411,0.1,limit
1,5,0.866025,0.866025416198,0.01,limit
2,5,0.866025,0.866025405451,0.001,limit
3,5,0.866025,0.866025404478,0.0001,limit
4,5,0.865911,0.865911257281,1e-05,limit
5,5,0.864185,0.864185211921,1e-06,limit
