,card(figure),R,height,F_Objetivo,tolerance,solve_result
0,5,1.34327,0.816497,2.15977125918,0.1,limit
1,5,1.18882,0.707107,1.89592308,0.01,limit
2,5,0.945657,0.707107,1.65276344966,0.001,limit
3,5,0.914949,0.707107,1.62205580685,0.0001,limit
4,5,0.911878,0.707107,1.6189845774,1e-05,limit
5,5,0.911878,0.707107,1.6189845774,1e-06,limit
