,card(figure),tolerance,R,solve_result,ampl_time,ampl_elapsed_time,total_solve_time,ampl_user_time
0,6,0.1,4.623,limit,0.014386,0.007082,3200.08,0.007193
1,6,0.01,4.62299,limit,0.017745,0.010152,6400.15,0.010424
2,6,0.001,4.41061,limit,0.021088,0.013208,9600.2,0.013691
3,6,0.0001,4.40792,limit,0.024401,0.016236,12800.3,0.015964
4,6,1e-05,2.76485,limit,0.027672,0.019229,16000.4,0.017093
5,6,1e-06,1.82972,limit,0.030918,0.022189,19200.5,0.019135
