,card(figure),tolerance,R,solve_result,ampl_time,ampl_elapsed_time,total_solve_time,ampl_user_time
0,7,0.1,5.25176,limit,0.007792,0.003203,3200.05,0.004485
1,7,0.01,5.13875,limit,0.009513,0.004768,6400.08,0.006206
2,7,0.001,4.86072,limit,0.011473,0.006557,9600.17,0.007649
3,7,0.0001,4.85837,limit,0.014059,0.008944,12800.2,0.010175
4,7,1e-05,2.23934,limit,0.015913,0.010575,16000.3,0.011423
5,7,1e-06,2.23607,limit,0.017926,0.012392,19200.3,0.012947
