,card(figure),tolerance,R,solve_result,ampl_time,ampl_elapsed_time,total_solve_time,ampl_user_time
0,8,0.1,5.62607,limit,0.009605,0.004898,3200.05,0.002917
1,8,0.01,5.62605,limit,0.013432,0.008487,6400.12,0.006199
2,8,0.001,5.62604,limit,0.018287,0.013048,9600.17,0.010063
3,8,0.0001,4.91089,limit,0.022407,0.016861,12800.2,0.014171
4,8,1e-05,2.96278,limit,0.025605,0.01975,16000.3,0.017369
5,8,1e-06,2.74223,limit,0.028965,0.022828,19200.3,0.020383
