,card(figure),tolerance,R,solve_result,ampl_time,ampl_elapsed_time,total_solve_time,ampl_user_time
0,9,0.1,6.21554,limit,0.020471,0.008325,3200.05,0.009748
1,9,0.01,5.89644,limit,0.023386,0.011025,6400.09,0.012363
2,9,0.001,5.7495,limit,0.028159,0.015503,9600.21,0.016507
3,9,0.0001,5.74574,limit,0.032824,0.019864,12800.3,0.020888
4,9,1e-05,2.95161,limit,0.037515,0.024243,16000.4,0.024681
5,9,1e-06,2.23607,limit,0.042143,0.028569,19200.4,0.029099
