,card(figure),tolerance,R,solve_result,ampl_time,ampl_elapsed_time,total_solve_time,ampl_user_time
0,10,0.1,6.77873,limit,0.018289,0.009342,3200.07,0.006096
1,10,0.01,6.66161,limit,0.023756,0.014491,6400.12,0.008263
2,10,0.001,6.6511,limit,0.029206,0.019608,9600.18,0.011474
3,10,0.0001,6.09458,limit,0.034609,0.024704,12800.3,0.016877
4,10,1e-05,2.61459,limit,0.040133,0.029895,16000.3,0.020581
5,10,1e-06,2.23607,limit,0.045779,0.035217,19200.4,0.025433
