,card(figure),tolerance,R,solve_result,ampl_time,ampl_elapsed_time,total_solve_time,ampl_user_time
0,10,0.1,4.11738,limit,0.011173,0.005565,3200.12,0.006704
1,10,0.01,1.87043,limit,0.015465,0.009553,6400.26,0.010992
2,10,0.001,1.41784,limit,0.018494,0.012332,9600.55,0.013871
3,10,0.0001,1.39424,limit,0.021325,0.014933,12800.8,0.014961
4,10,1e-05,1.39062,limit,0.024241,0.017606,16000.9,0.017315
5,10,1e-06,1.37243,limit,0.027214,0.020311,19201.2,0.018143
