,card(figure),R,height,F_Objetivo,tolerance,solve_result
0,10,1.52618,1.45495,2.98112894085,0.1,limit
1,10,1.43759,0.859432,2.297022486,0.01,limit
2,10,1.2254,0.865073,2.09047023724,0.001,limit
3,10,1.0441,0.866025,1.91012289886,0.0001,limit
4,10,1.03115,0.856287,1.88743784293,1e-05,limit
5,10,1.03092,0.856306,1.88722954128,1e-06,limit
