,card(figure),R,F_Objetivo,tolerance,solve_result,Total_time
0,10,1.25333,1.25333230129,0.1,limit,3200.14.
1,10,1.08214,1.0821405828,0.01,limit,6400.31.
2,10,0.991457,0.991456738837,0.001,limit,9600.72.
3,10,0.985493,0.985492934588,0.0001,limit,12800.90.
4,10,0.98405,0.984050223526,1e-05,limit,16001.06.
5,10,0.98393,0.98393038112,1e-06,limit,19201.24.
