,card(figure),R,height,F_Objetivo,tolerance,solve_result
0,15,1.75735,1.8282,3.5855476185,0.1,limit
1,15,1.71685,1.52749,3.2443376138,0.01,limit
2,15,1.41684,1.52757,2.94440313645,0.001,limit
3,15,1.41468,1.528,2.94268243983,0.0001,limit
4,15,1.41468,1.528,2.94268243983,1e-05,limit
5,15,1.37516,1.56176,2.93691788476,1e-06,limit
