,card(figure),R,F_Objetivo,tolerance,solve_result,Total_time
0,15,1.48997,1.48996897308,0.1,limit,3200.23.
1,15,1.16661,1.1666109818,0.01,limit,6400.33.
2,15,1.01801,1.01801343774,0.001,limit,9600.42.
3,15,1.01161,1.01160749371,0.0001,limit,12800.53.
4,15,1.00008,1.00007812744,1e-05,limit,16001.53.
5,15,1.00008,1.00007812744,1e-06,limit,19201.59.
