,card(figure),tolerance,R,solve_result,ampl_time,ampl_elapsed_time,total_solve_time,ampl_user_time
0,15,0.1,3.73225,limit,0.012296,0.007136,3200.11,0.005363
1,15,0.01,3.36069,limit,0.017898,0.012444,6400.18,0.007839
2,15,0.001,3.29434,limit,0.024754,0.018988,9600.26,0.013253
3,15,0.0001,3.29434,limit,0.029634,0.023616,12800.3,0.017484
4,15,1e-05,3.28763,limit,0.034749,0.028509,16000.4,0.020441
5,15,1e-06,1,limit,0.042939,0.036348,19200.5,0.027533
