,card(figure),tolerance,R,solve_result,ampl_time,ampl_elapsed_time,total_solve_time,ampl_user_time
0,15,0.1,4.68366,limit,0.010734,0.006452,3200.2,0.005779
1,15,0.01,2.32852,limit,0.017794,0.013276,6400.4,0.012561
2,15,0.001,1.80212,limit,0.025159,0.020317,9600.63,0.019926
3,15,0.0001,1.72766,limit,0.029758,0.02474,12800.8,0.024525
4,15,1e-05,1.68202,limit,0.036935,0.031658,16001,0.031072
5,15,1e-06,1.66877,limit,0.041496,0.035995,19201.2,0.035509
