,card(figure),tolerance,R,solve_result,ampl_time,ampl_elapsed_time,total_solve_time,ampl_user_time
0,20,0.1,5.70298,limit,0.0177,0.012687,3200.27,0.00885
1,20,0.01,2.77131,limit,0.026526,0.021266,6400.55,0.016324
2,20,0.001,2.17381,limit,0.041663,0.036085,9600.85,0.029469
3,20,0.0001,2.12016,limit,0.054687,0.048847,12801.1,0.040509
4,20,1e-05,2.11487,limit,0.068944,0.06275,16001.4,0.052712
5,20,1e-06,2.11487,limit,0.078347,0.071881,19201.6,0.061036
