,card(figure),R,F_Objetivo,tolerance,solve_result,Total_time
0,20,1.70268,1.70268185421,0.1,limit,3200.32.
1,20,1.26094,1.26094286147,0.01,limit,6400.64.
2,20,1.11832,1.11832162192,0.001,limit,9600.90.
3,20,1.10511,1.10511137666,0.0001,limit,12801.16.
4,20,1.10393,1.10392568732,1e-05,limit,16001.63.
5,20,1.10381,1.10380726455,1e-06,limit,19201.90.
