,card(figure),tolerance,R,solve_result,ampl_time,ampl_elapsed_time,total_solve_time,ampl_user_time
0,20,0.1,4.53658,limit,0.015122,0.010399,3200.1,0.008065
1,20,0.01,4.08083,limit,0.024938,0.019929,6400.2,0.016936
2,20,0.001,3.8478,limit,0.034157,0.028838,9600.28,0.026069
3,20,0.0001,3.84182,limit,0.041948,0.036378,12800.4,0.033763
4,20,1e-05,2.85762,limit,0.049781,0.043942,16000.5,0.041596
5,20,1e-06,1.0088,limit,0.057842,0.051743,19200.6,0.048546
