,card(figure),R,height,F_Objetivo,tolerance,solve_result
0,20,1.81012,2.28839,4.09850761382,0.1,limit
1,20,1.7944,1.72237,3.51676362374,0.01,limit
2,20,1.70307,1.74786,3.45092548192,0.001,limit
3,20,1.70331,1.7473,3.45061619035,0.0001,limit
4,20,1.70327,1.74732,3.45058732976,1e-05,limit
5,20,1.70326,1.74732,3.4505844451,1e-06,limit
