,card(figure),tolerance,R,solve_result,ampl_time,ampl_elapsed_time,total_solve_time,ampl_user_time
0,5,0.1,2.14456,limit,0.006786,0.002452,3200.07,0.001359
1,5,0.01,2.00591,limit,0.007947,0.003406,6400.13,0.00252
2,5,0.001,1.99481,limit,0.009082,0.004316,9600.16,0.003655
3,5,0.0001,1.99372,limit,0.010186,0.005232,12800.2,0.004527
4,5,1e-05,1.8165,limit,0.011309,0.006135,16000.3,0.005026
5,5,1e-06,0.99999,limit,0.012395,0.007016,19200.3,0.006112
